step,lr,train_loss,ema_loss,val_loss,grad_norm,tok_per_s,elapsed_s
1,0.0,11.4047532081604,11.4047532081604,11.390131950378418,6.942327499389648,240178.06842517434,8.18592643737793
10,5.399999999999999e-06,10.678173303604126,11.368424212932586,10.507140159606934,6.302870750427246,96341.81632367162,20.40733790397644
20,1.14e-05,9.081687450408936,11.254087374806403,8.997821807861328,4.008817672729492,86295.10425719687,22.78321599960327
1,0.0,11.4047532081604,11.4047532081604,11.390131950378418,6.942327499389648,207359.97759819272,9.48148250579834
10,5.399999999999999e-06,10.678173303604126,11.368424212932586,10.507140159606934,6.302870750427246,94513.20456070945,20.802172660827637
20,1.14e-05,9.081687450408936,11.254087374806403,8.997821807861328,4.008817672729492,85049.84941934502,23.116795778274536
30,1.74e-05,8.272685289382935,11.10501727053523,8.238642692565918,2.264669179916382,84830.00799947388,23.176704168319702
40,2.34e-05,7.8604453802108765,10.942788676019012,7.8372697830200195,1.7335915565490723,84938.53098998134,23.14709210395813
50,2.94e-05,7.45309841632843,10.768304163034482,7.427875995635986,1.6310065984725952,85097.65421613824,23.103809595108032
60,3.539999999999999e-05,6.915679216384888,10.575672915702002,6.83689546585083,1.5235264301300049,84922.53332650904,23.15145254135132
70,4.14e-05,6.264955282211304,10.360137034027467,6.206491470336914,1.6577271223068237,84910.39455462231,23.154762268066406
1,0.0,11.4047532081604,11.4047532081604,11.390728950500488,6.942327499389648,241111.44639637187,8.154237508773804
10,5.399999999999999e-06,10.6468665599823,11.366858875751495,10.502009391784668,6.367802143096924,93865.21333896031,20.945778846740723
20,1.14e-05,9.103355169296265,11.253683690428733,8.997998237609863,3.979092597961426,84327.52564104885,23.314807176589966
30,1.74e-05,8.311925888061523,11.106595800310373,8.246514320373535,2.3804168701171875,84261.42236190967,23.33309769630432
40,2.34e-05,7.871800541877747,10.944856037388742,7.840272903442383,1.6782974004745483,84265.6284922669,23.33193302154541
50,2.94e-05,7.478958487510681,10.771561159894839,7.435395240783691,1.5937795639038086,84230.4287715293,23.341683387756348
60,3.539999999999999e-05,6.878106594085693,10.576888431604381,6.842986583709717,1.4187779426574707,84232.33191648482,23.341156005859375
70,4.14e-05,6.2524285316467285,10.360665436606498,6.223945617675781,1.823906660079956,84193.88820983158,23.351813793182373
80,4.7399999999999993e-05,5.780386924743652,10.131651511013354,5.715753078460693,3.1885623931884766,84234.24031003144,23.340627193450928
90,5.339999999999999e-05,5.359401702880859,9.893039020606729,5.278000831604004,2.491664409637451,84216.62838166718,23.345508337020874
100,5.94e-05,4.871321082115173,9.641953123682152,4.920586109161377,1.752966284751892,84183.71856600176,23.354634761810303
1,0.0,11.4047532081604,11.4047532081604,11.390728950500488,6.942327499389648,2265762.4672204615,8.677343845367432
100,5.94e-05,4.943503141403198,11.08169070482254,4.878283500671387,2.198423385620117,86407.16388239052,227.53668928146362
1,0.0,11.404792308807373,11.404792308807373,11.390728950500488,6.942220687866211,2641299.994413972,7.443607330322266
100,5.94e-05,4.906694769859314,11.07988743185997,4.821002006530762,1.7380521297454834,178485.04234802202,110.15376830101013
1,0.0,11.404792308807373,11.404792308807373,11.390728950500488,6.942190170288086,269934.92164367606,7.283533334732056
10,5.399999999999999e-06,10.646663188934326,11.36688585281372,10.50171184539795,6.367801189422607,196140.49555536127,10.023835182189941
20,1.14e-05,9.103067636489868,11.253694941997527,8.997757911682129,3.9793624877929688,176212.69879867643,11.157425165176392
30,1.74e-05,8.311777591705322,11.106599074482917,8.246336936950684,2.3806142807006836,176082.41755757324,11.165680408477783
40,2.34e-05,7.871642708778381,10.944851256197689,7.840139865875244,1.6784847974777222,175873.76014325256,11.178927421569824
50,2.94e-05,7.478750228881836,10.771546204831896,7.435186862945557,1.5938752889633179,175920.4268099618,11.175961971282959
60,3.539999999999999e-05,6.877824425697327,10.576860115875167,6.842789649963379,1.4197454452514648,175391.31621163528,11.20967698097229
70,4.14e-05,6.252090811729431,10.36062165066788,6.224031448364258,1.8337175846099854,175272.7772085672,11.217258214950562
80,4.7399999999999993e-05,5.780237317085266,10.13160243398875,5.7166266441345215,3.157694101333618,175875.39557165312,11.178823471069336
90,5.339999999999999e-05,5.363422393798828,9.893193431979254,5.284357070922852,2.5549733638763428,174233.2346788726,11.284184694290161
100,5.94e-05,4.86295485496521,9.64168150312855,4.8890910148620605,1.4922070503234863,174194.14439085894,11.286716938018799
110,6.539999999999999e-05,4.5330692529678345,9.386250890620515,4.538201808929443,2.1347591876983643,175350.84701074968,11.212264060974121
120,7.139999999999999e-05,4.263334631919861,9.130105077685482,4.260521411895752,1.190158724784851,177065.14411012462,11.103709936141968
130,7.74e-05,4.058831870555878,8.876541417329,4.032927989959717,1.922569990158081,183460.81421501093,10.716620922088623
140,8.34e-05,3.7909566164016724,8.622262177282632,3.8096914291381836,1.6335248947143555,181831.63089026825,10.812640190124512
150,8.939999999999999e-05,3.696200370788574,8.375959086957929,3.6301915645599365,0.9844352602958679,182398.35823240437,10.779044389724731
160,9.539999999999999e-05,3.5217906832695007,8.133250666773506,3.4631056785583496,1.3439252376556396,183032.27076606083,10.74171233177185
170,0.0001014,3.366585910320282,7.894917428950845,3.3511271476745605,1.9203039407730103,182977.0495081123,10.744954109191895
180,0.00010739999999999998,3.2344796657562256,7.661895540791114,3.216712236404419,1.5901283025741577,182828.74629504804,10.75366997718811
190,0.00011339999999999999,3.121807873249054,7.43489115741401,3.1346404552459717,1.3287888765335083,184525.09964182874,10.654810667037964
200,0.0001194,3.0803495049476624,7.217164074790692,3.0318267345428467,2.006565809249878,184573.98811818287,10.651988506317139
210,0.00012539999999999999,2.9041585326194763,7.001513797682131,2.9768378734588623,1.7088974714279175,184561.46306359052,10.652711391448975
220,0.0001314,2.8608269691467285,6.7944794562553605,2.9320428371429443,1.490588903427124,184605.21314280748,10.650186777114868
230,0.0001374,2.786415457725525,6.594076256328869,2.824002265930176,1.6618220806121826,184501.67440437493,10.656163454055786
240,0.0001434,2.7431480288505554,6.401529844954952,2.7861485481262207,1.4328910112380981,184327.64954841125,10.666224002838135
250,0.0001494,2.7580759525299072,6.2193571503337,2.71156907081604,1.7549159526824951,184374.33516541967,10.663523197174072
260,0.00015539999999999998,2.6660454869270325,6.041691567163366,2.6712286472320557,1.3051456212997437,184291.69532621314,10.668304920196533
270,0.0001614,2.6118988394737244,5.870201930778884,2.620292901992798,1.1170227527618408,184205.01882350433,10.673324823379517
280,0.0001674,2.628687560558319,5.708126212267856,2.5751240253448486,1.5217746496200562,183960.84128460364,10.68749189376831
290,0.00017339999999999996,2.476370394229889,5.546538421365957,2.511723041534424,1.2183665037155151,184367.92108606553,10.663894176483154
300,0.00017939999999999997,2.4160650968551636,5.390014755140417,2.479231119155884,1.0972695350646973,183391.71913098832,10.720658540725708
310,0.00018539999999999998,2.4814172983169556,5.244584882299244,2.429612159729004,1.282357096672058,175829.2739061797,11.181755781173706
320,0.0001914,2.4263453483581543,5.103672905602189,2.384521484375,1.518026351928711,175868.19016234085,11.17928147315979
330,0.0001974,2.3888686895370483,4.9679326947989315,2.3405251502990723,1.3011391162872314,179561.51391384783,10.949339628219604
340,0.00020339999999999998,2.2466877698898315,4.8318704485534765,2.316265106201172,1.039878010749817,183832.0629313947,10.694978713989258
350,0.00020939999999999997,2.349383592605591,4.707746105756081,2.2968661785125732,1.2541404962539673,184269.09106071576,10.669613599777222
360,0.00021539999999999998,2.2861227989196777,4.586664940414261,2.2829222679138184,1.0333564281463623,182943.75903702664,10.746909379959106
370,0.0002214,2.2498655319213867,4.469824969989617,2.2056450843811035,0.9319885969161987,174258.97074891377,11.282518148422241
380,0.00022739999999999997,2.14089035987854,4.353378239484063,2.2046384811401367,1.018936276435852,176085.60597086442,11.165478229522705
390,0.00023339999999999998,2.132971405982971,4.242357897809008,2.161851167678833,1.0543365478515625,176067.0711742207,11.166653633117676
400,0.0002394,2.120629072189331,4.136271456528023,2.1109728813171387,0.9511927962303162,176028.74697696438,11.169084787368774
410,0.00024539999999999995,2.099380671977997,4.034426917300522,2.0935237407684326,1.0104857683181763,176005.9978820382,11.170528411865234
420,0.0002514,2.045944929122925,3.9350028178916414,2.0356717109680176,0.8223018646240234,176030.93766262077,11.168945789337158
430,0.00025739999999999997,2.00481116771698,3.838493235382908,2.024406909942627,0.8862441182136536,176077.8344157535,11.165971040725708
440,0.00026339999999999995,1.9535630345344543,3.7442467253404854,1.9958604574203491,0.856962263584137,176119.69311234428,11.163317203521729
450,0.0002694,2.0048115849494934,3.6572749683209356,1.9889847040176392,1.0256974697113037,176066.16521218745,11.16671109199524
460,0.00027539999999999997,1.9309912323951721,3.570960781524647,1.9300098419189453,0.8211783766746521,176142.0502194498,11.161900281906128
470,0.00028139999999999996,1.9223279356956482,3.4885291392331967,1.9243361949920654,0.79405277967453,176076.84563137603,11.166033744812012
480,0.00028739999999999994,1.9120930135250092,3.409707332947787,1.9187592267990112,0.8790069818496704,175949.2015424861,11.174134254455566
490,0.0002934,1.8967241942882538,3.3340581760148105,1.9048501253128052,0.7688762545585632,181585.80747428676,10.827277898788452
500,0.00029939999999999996,1.813564509153366,3.258033492671738,1.8653295040130615,0.7244417071342468,184080.58695152824,10.680539608001709
510,0.0002999994020828561,1.852109968662262,3.187737316471264,1.8487818241119385,0.5427671074867249,184033.72549749506,10.68325924873352
520,0.0002999973352155785,1.8176624476909637,3.1192335730322487,1.8316165208816528,0.6011557579040527,184072.02793298222,10.681036233901978
530,0.0002999937920390714,1.781545341014862,3.052349161431379,1.8114349842071533,0.6652786135673523,183768.45800946563,10.698680400848389
540,0.0002999887725920825,1.8238959312438965,2.9909264999220047,1.771672010421753,0.5385252833366394,184213.49145171317,10.672833919525146
550,0.0002999822769295036,1.7718759179115295,2.929973970821481,1.769532561302185,0.4651370048522949,182584.16276063758,10.768075227737427
560,0.0002999743051223703,1.7391938865184784,2.870434966606331,1.7579243183135986,0.4873318672180176,182788.12325480333,10.756059885025024
570,0.00029996485725786095,1.758761078119278,2.8148512721819783,1.7378238439559937,0.48309290409088135,184142.77158686484,10.67693281173706
580,0.00029995393343929596,1.7481189966201782,2.7615146584038883,1.7021759748458862,0.4307500720024109,184141.4269876831,10.677010774612427
590,0.00029994153378613635,1.6775008738040924,2.7073139691738985,1.6949845552444458,0.4675423204898834,184177.65167551817,10.6749107837677
600,0.00029992765843398286,1.7006682753562927,2.6569816844830183,1.6706470251083374,0.6073201894760132,184310.10734250175,10.66723918914795
610,0.00029991230753457403,1.6539227068424225,2.6068287356009883,1.678526520729065,0.42030662298202515,184130.3707683844,10.67765188217163
620,0.00029989548125578484,1.6753957271575928,2.5602570851788182,1.674339771270752,0.4981693923473358,184087.90979695172,10.68011474609375
630,0.00029987717978162485,1.6297704577445984,2.513732753807107,1.6346241235733032,0.391957551240921,184127.3736063377,10.677825689315796
640,0.000299857403312236,1.5844323337078094,2.4672677328021417,1.6353553533554077,0.41208547353744507,183951.8543292947,10.688014030456543
650,0.00029983615206389055,1.5748072266578674,2.4226447074949276,1.622241735458374,0.357839435338974,183503.19461458173,10.71414589881897
660,0.0002998134262689888,1.5599705576896667,2.379511000004664,1.6146496534347534,0.4204472005367279,183264.39586904363,10.72810673713684
670,0.00029978922617605647,1.5942794978618622,2.3402494248975243,1.6037691831588745,0.37137579917907715,183290.8363512701,10.726559162139893
680,0.00029976355204974173,1.596119612455368,2.303042934275416,1.574841856956482,0.3580707907676697,183104.1688294398,10.737494468688965
690,0.00029973640417081286,1.5641991198062897,2.26610074355196,1.5856086015701294,0.38510435819625854,183131.09585688057,10.735915660858154
700,0.0002997077828361546,1.5616320669651031,2.230877309722617,1.5774445533752441,0.34427410364151,182952.69646671024,10.746384382247925
710,0.00029967768835876537,1.5371856093406677,2.1961927247035193,1.550196886062622,0.3580036461353302,183760.30062544136,10.699155330657959
720,0.0002996461210677535,1.5419565737247467,2.1634809171545806,1.5625110864639282,0.3451845943927765,183438.9845806107,10.717896223068237
730,0.0002996130813083339,1.5530126988887787,2.1329575062412904,1.553158164024353,0.3456887900829315,179079.62155330344,10.978803634643555
740,0.000299578569441824,1.5577200055122375,2.1041956312048375,1.5470187664031982,0.3293582797050476,178715.6967193379,11.001160144805908
750,0.0002995425858456401,1.6194292306900024,2.0799573111790957,1.523764967918396,0.33701324462890625,181030.34165566135,10.860499858856201
760,0.000299505130913293,1.4959146082401276,2.050755176032147,1.5334831476211548,0.35803619027137756,182320.59977177472,10.783641576766968
770,0.00029946620505438387,1.488857924938202,2.02266031347745,1.5198110342025757,0.319489061832428,180749.35865906908,10.87738299369812
780,0.00029942580869459965,1.5446915030479431,1.9987618729559744,1.5160444974899292,0.329923152923584,181216.85655538467,10.849321842193604
790,0.00029938394227570843,1.499855250120163,1.9738165418141838,1.488264799118042,0.2942051589488983,183332.07852525933,10.724146127700806
800,0.00029934060625555475,1.5271672308444977,1.9514840762656995,1.5142934322357178,0.35103389620780945,182478.78346728394,10.774293661117554
810,0.00029929580110805434,1.4286529421806335,1.9253425195614462,1.4943903684616089,0.27075305581092834,182417.5075845837,10.777912855148315
820,0.00029924952732318904,1.4568717777729034,1.901918982472019,1.4816864728927612,0.26792803406715393,181266.71297842532,10.846337795257568
830,0.0002992017854070016,1.4566759765148163,1.879656832174159,1.4760605096817017,0.35243940353393555,183240.77249159617,10.729489803314209
840,0.00029915257588159004,1.4256066381931305,1.8569543224751073,1.4798518419265747,0.2714928686618805,182063.76153386707,10.798854112625122
850,0.00029910189928510176,1.50091552734375,1.8391523827185392,1.4825669527053833,0.34144580364227295,183872.08128820427,10.69265103340149
860,0.0002990497561717279,1.5012305080890656,1.8222562889870655,1.466052770614624,0.2823937237262726,181561.02383548205,10.828755855560303
870,0.0002989961471116972,1.434938371181488,1.8028903930967866,1.4537667036056519,0.2686903774738312,176417.8250518471,11.144452095031738
880,0.00029894107269126983,1.4082157015800476,1.7831566585209495,1.4547802209854126,0.2520592510700226,176558.40481315443,11.135578632354736
890,0.00029888453351273076,1.4160444140434265,1.7648010462970731,1.468910813331604,0.2665753662586212,176456.46612936165,11.142011642456055
900,0.0002988265301943834,1.4528621435165405,1.7492041011580466,1.4320827722549438,0.2803407311439514,176553.55871944941,11.135884284973145
910,0.00029876706337054267,1.4102835655212402,1.7322580743762064,1.441693663597107,0.2697463035583496,176589.8466215221,11.133595943450928
920,0.0002987061336915283,1.428019404411316,1.7170461408779618,1.4309430122375488,0.24584941565990448,176513.05774662748,11.138439416885376
930,0.00029864374182365754,1.4261514842510223,1.7025014080466148,1.422680139541626,0.25470808148384094,175189.96814630207,11.222560405731201
940,0.00029857988844923783,1.3874271214008331,1.6867476937143258,1.4210995435714722,0.24368424713611603,174559.48464594505,11.263094663619995
950,0.0002985145742665594,1.3822848796844482,1.671524553012832,1.415286660194397,0.2555173635482788,176592.19499812246,11.133447885513306
960,0.0002984477999898877,1.372248113155365,1.6565607310199584,1.4233500957489014,0.25849348306655884,183623.5512251127,10.707123279571533
970,0.0002983795663494556,1.4118360877037048,1.6443244988541457,1.4017961025238037,0.2474895715713501,184636.9034787027,10.648358821868896
980,0.00029830987409145516,1.4372246861457825,1.6339695082187273,1.3970545530319214,0.2446088194847107,184584.97785764743,10.651354312896729
990,0.0002982387239780298,1.3807108402252197,1.6213065748190518,1.3868663311004639,0.2525368630886078,184560.26930642262,10.652780294418335
1000,0.0002981661167872657,1.4298694133758545,1.6117347167468918,1.3974052667617798,0.23344872891902924,182634.47919830508,10.765108585357666
1010,0.00029809205331318353,1.3879588544368744,1.6005459236313908,1.3802533149719238,0.24183370172977448,183017.05793755534,10.742605209350586
1020,0.00029801653436572963,1.3238622844219208,1.5867117416709173,1.3780148029327393,0.23596353828907013,184272.48402357422,10.669417142868042
1030,0.000297939560770767,1.3458831012248993,1.5746703096486163,1.3707489967346191,0.2256765365600586,184259.86398665555,10.670147895812988
1040,0.0002978611333700665,1.3375132977962494,1.562812459055998,1.385359525680542,0.22289840877056122,183892.82078914536,10.691445112228394
1050,0.0002977812530212978,1.2814988195896149,1.5487467770826788,1.3675987720489502,0.23923134803771973,184143.51585357022,10.676889657974243
1060,0.0002976999205980195,1.3616933822631836,1.539394107341704,1.3512117862701416,0.25453728437423706,184048.9147532831,10.682377576828003
1070,0.00029761713698966985,1.2792260646820068,1.526385705208719,1.3696647882461548,0.22693052887916565,183668.4408452109,10.704506397247314
1080,0.00029753290310155733,1.360998958349228,1.5181163678657446,1.3553625345230103,0.2722261846065521,183465.3815876057,10.716354131698608
1090,0.00029744721985485004,1.2906244397163391,1.5067417714582743,1.353887915611267,0.24621331691741943,184023.69243458344,10.683841705322266
1100,0.00029736008818656643,1.338221937417984,1.4983157797562596,1.3532307147979736,0.21364222466945648,182709.663800935,10.760678768157959
1110,0.0002972715090495643,1.309906393289566,1.4888953104329248,1.3567841053009033,0.22451575100421906,183296.51160103222,10.726227045059204
1120,0.000297181483412531,1.3759079575538635,1.4832459427889717,1.3668956756591797,0.24700479209423065,181052.4245941779,10.859175205230713
1130,0.0002970900122599725,1.3413415551185608,1.4761507234054512,1.3467967510223389,0.25309211015701294,182293.79368113226,10.785227298736572
1140,0.00029699709659220257,1.3423726856708527,1.4694618215187212,1.3454211950302124,0.21940383315086365,183918.25335922567,10.689966678619385
1150,0.0002969027374253321,1.277331918478012,1.4598553263666858,1.3449211120605469,0.22334179282188416,183924.25468323578,10.68961787223816
1160,0.00029680693579125784,1.3378231525421143,1.4537537176754571,1.3313560485839844,0.23111137747764587,184348.80516008896,10.664999961853027
1170,0.00029670969273765113,1.3088603913784027,1.4465090513606045,1.3295824527740479,0.24064716696739197,184335.26402029634,10.665783405303955
1180,0.00029661100932794636,1.3335309624671936,1.440860146915934,1.3210963010787964,0.20338664948940277,184255.8457015356,10.670380592346191
1190,0.0002965108866413296,1.3434395492076874,1.4359891170305215,1.3297088146209717,0.25632089376449585,184267.29580567268,10.66971755027771
1200,0.00029640932577272637,1.3423115909099579,1.4313052407244933,1.3159736394882202,0.20572280883789062,184262.4125595418,10.670000314712524
1210,0.00029630632783279014,1.3260508179664612,1.4260425195865916,1.3271660804748535,0.21346214413642883,184372.16273766485,10.663648843765259
1220,0.00029620189394788984,1.3359048664569855,1.4215356369301113,1.3291821479797363,0.21089161932468414,184208.14196000976,10.673143863677979
1230,0.00029609602526009776,1.3040216863155365,1.4156599393993825,1.3028604984283447,0.21157394349575043,184224.38068467367,10.672203063964844
1240,0.00029598872292717685,1.3566942512989044,1.4127116549943586,1.31234872341156,0.2036258429288864,184367.6160574184,10.663911819458008
1250,0.0002958799881225683,1.2486574053764343,1.4045089425134623,1.3199214935302734,0.21581465005874634,184425.27203505056,10.66057801246643
1260,0.00029576982203537844,1.3193399310112,1.4002504919383492,1.2996751070022583,0.21726031601428986,184441.59856954683,10.659634351730347
1270,0.000295658225870366,1.2989552021026611,1.3951857274465649,1.2998689413070679,0.20828793942928314,184439.79582638264,10.659738540649414
1280,0.0002955452008479287,1.2713447213172913,1.3889936771401012,1.2962340116500854,0.21247243881225586,184540.89046804715,10.65389895439148
1290,0.00029543074820409016,1.310187816619873,1.3850533841140897,1.2917191982269287,0.20210810005664825,184453.32757374566,10.658956527709961
1300,0.0002953148691904861,1.2625957429409027,1.3789305020554303,1.3051670789718628,0.19505228102207184,184486.1255444087,10.657061576843262
1310,0.00029519756507435084,1.3208370804786682,1.376025830976592,1.3129702806472778,0.22158674895763397,176630.28447900747,11.131047010421753
1320,0.0002950788371385034,1.2474991977214813,1.3695994993138365,1.290195107460022,0.19996823370456696,175958.3809580446,11.173551321029663
1330,0.00029495868668133354,1.2768543362617493,1.364962241161232,1.284596562385559,0.2182118445634842,177568.92730962165,11.0722074508667
1340,0.0002948371150167874,1.2997108399868011,1.3616996711025107,1.2935782670974731,0.2217293679714203,177557.4572400302,11.072922706604004
1350,0.0002947141234743531,1.246239811182022,1.3559266781064863,1.293203592300415,0.21942879259586334,177666.32965421505,11.066137313842773
1360,0.00029458971339904654,1.2889991998672485,1.3525803041945241,1.269013524055481,0.20243370532989502,181772.99250167471,10.816128253936768
1370,0.0002944638861513963,1.2515297830104828,1.3475277781353219,1.2800827026367188,0.1902969628572464,184654.37563532524,10.647351264953613
1380,0.00029433664310742915,1.2418503761291504,1.3422439080350133,1.287084937095642,0.20642513036727905,184659.73867124904,10.647042036056519
1390,0.00029420798565865446,1.2532089948654175,1.3377921623765334,1.2821468114852905,0.20504328608512878,184519.42237713325,10.655138492584229
1400,0.00029407791521204966,1.24886092543602,1.3333456005295077,1.2600090503692627,0.209787055850029,184609.2508134922,10.649953842163086
1410,0.0002939464331900441,1.2920188307762146,1.331279262041843,1.2704211473464966,0.1912863850593567,184568.87379093978,10.652283668518066
1420,0.0002938135410305043,1.2451924681663513,1.3269749223480682,1.2812328338623047,0.21636345982551575,184615.8842178433,10.649571180343628
1430,0.00029367924018671755,1.2841061353683472,1.3248314829990822,1.2765183448791504,0.19465422630310059,184542.67866865624,10.653795719146729
1440,0.0002935435321273763,1.2973018884658813,1.323455003272422,1.2625445127487183,0.1998864710330963,184437.66310709374,10.65986180305481
1450,0.0002934064183365622,1.2783262133598328,1.3211985637767925,1.2774664163589478,0.20223994553089142,184386.5874622337,10.662814617156982
1460,0.0002932679003137297,1.3137767910957336,1.3208274751427396,1.2640892267227173,0.2083786129951477,184439.4080555706,10.65976095199585
1470,0.00029312797957368976,1.2474987208843231,1.3171610374298186,1.2578673362731934,0.23033617436885834,184406.30091681695,10.661674737930298
1480,0.00029298665764659307,1.2096020877361298,1.311783089945134,1.2468013763427734,0.1892666220664978,184406.709167179,10.661651134490967
1490,0.00029284393607791363,1.2022183537483215,1.3063048531352934,1.2582932710647583,0.18506115674972534,180009.93896087696,10.92206358909607
1500,0.0002926998164284317,1.2202110588550568,1.3020001634212817,1.2603479623794556,0.18837395310401917,175253.66076388897,11.21848177909851
1510,0.00029255430027421656,1.1823762357234955,1.2960189670363922,1.2449711561203003,0.18700626492500305,175221.9706260007,11.220510721206665
1520,0.00029240738920660966,1.2575723230838776,1.2940966348387664,1.2466084957122803,0.1814912110567093,176835.73621141346,11.118114709854126
1530,0.00029225908483220686,1.2082390785217285,1.2898037570229144,1.2467950582504272,0.19366244971752167,177007.639465251,11.107317209243774
1540,0.00029210938877284105,1.2419193387031555,1.2874095361069264,1.268908143043518,0.18325775861740112,176915.39465537405,11.11310863494873
1550,0.00029195830266556436,1.192878633737564,1.2826829909884583,1.2426077127456665,0.20020359754562378,176917.9718443322,11.11294674873352
1560,0.00029180582816263023,1.171889066696167,1.2771432947738437,1.236898422241211,0.2039465457201004,176958.33609142574,11.110411882400513
1570,0.00029165196693147535,1.253013253211975,1.27593679269575,1.240657091140747,0.17928650975227356,176917.42148103303,11.11298131942749
1580,0.00029149672065470163,1.2234416902065277,1.2733120375712887,1.2418839931488037,0.18852604925632477,176952.1618110062,11.110799551010132
1590,0.0002913400910300573,1.1994057595729828,1.2696167236713736,1.2372349500656128,0.21578042209148407,176865.32327840253,11.116254806518555
1600,0.000291182079770419,1.2480706572532654,1.268539420350468,1.2488662004470825,0.18915307521820068,176872.08330793466,11.115829944610596
1610,0.0002910226886037725,1.2687776386737823,1.2685513312666337,1.2318321466445923,0.2066051959991455,176836.20264008272,11.118085384368896
1620,0.00029086191927319403,1.212407410144806,1.2657441352105423,1.242448329925537,0.16955652832984924,176817.16069925646,11.119282722473145
1630,0.00029069977353683127,1.2035574316978455,1.2626348000349072,1.2284467220306396,0.178436741232872,176820.94828546123,11.119044542312622
1640,0.00029053625316788394,1.2192584574222565,1.2604659829042746,1.2289375066757202,0.18280825018882751,181559.63272996616,10.82883882522583
1650,0.00029037135995458474,1.1719789505004883,1.2560416312840852,1.2331089973449707,0.17602139711380005,184344.5563411923,10.665245771408081
1660,0.00029020509570017926,1.202495813369751,1.2533643403883685,1.2352029085159302,0.1821482628583908,184365.81888209755,10.664015769958496
1670,0.00029003746222290686,1.2148371040821075,1.2514379785730556,1.2272427082061768,0.17581450939178467,184413.03109289907,10.661285638809204
1680,0.00028986846135598037,1.174024760723114,1.2475673176805586,1.2360994815826416,0.1763429492712021,184328.74141185795,10.666160821914673
1690,0.00028969809494756616,1.2184869349002838,1.2461132985415448,1.2306407690048218,0.18671444058418274,182201.9003132989,10.790666818618774
1700,0.00028952636486076407,1.1718487441539764,1.2424000708221665,1.2198824882507324,0.17487677931785583,182756.2137634579,10.757937908172607
1710,0.00028935327297358667,1.2068967521190643,1.2406249048870113,1.236578106880188,0.16748958826065063,183215.79966404848,10.730952262878418
1720,0.0002891788211789392,1.238031953573227,1.2404952573213222,1.231708288192749,0.18150505423545837,184216.79183156366,10.672642707824707
1730,0.0002890030113845986,1.2307263314723969,1.2400068110288758,1.2138125896453857,0.1721723973751068,182561.17515884564,10.769431114196777
1740,0.0002888258455131925,1.2513575851917267,1.2405743497370183,1.2122331857681274,0.19105708599090576,184364.7925293415,10.664075136184692
1750,0.0002886473255021785,1.2629568874835968,1.241693476624347,1.2148215770721436,0.1964874267578125,184429.42558107318,10.660337924957275
1760,0.00028846745330382285,1.1918196976184845,1.239199787674054,1.2189948558807373,0.1741727590560913,184369.05464731538,10.663828611373901
1770,0.0002882862308851791,1.2139287292957306,1.2379362347551377,1.2304743528366089,0.1815541386604309,184308.26597532065,10.667345762252808
1780,0.00028810366022806667,1.172190010547638,1.2346489235447626,1.196675419807434,0.16673396527767181,184366.5196114269,10.663975238800049
1790,0.00028791974332904885,1.1510483622550964,1.2304688954802794,1.20377779006958,0.1783134639263153,184312.65318591488,10.667091846466064
1800,0.00028773448219941147,1.169575035572052,1.2274242024848678,1.2115346193313599,0.17804467678070068,184414.50338440223,10.661200523376465
1810,0.0002875478788651406,1.2007042169570923,1.226088203208479,1.2170194387435913,0.17558680474758148,180257.9534983663,10.907036066055298
1820,0.00028735993536690036,1.1881087124347687,1.2241892286697933,1.211412787437439,0.17778068780899048,177624.2070552612,11.068761587142944
1830,0.0002871706537600107,1.2294936180114746,1.2244544481368773,1.2113282680511475,0.18406125903129578,177491.4146574234,11.077042818069458
1840,0.00028698003611442503,1.180918276309967,1.2222776395455317,1.2136681079864502,0.1743115931749344,177625.01434167486,11.068711280822754
1850,0.00028678808451470736,1.1581476926803589,1.2190711422022729,1.2075140476226807,0.17884661257266998,181170.22763110435,10.852114200592041
1860,0.0002865948010600096,1.156979650259018,1.2159665676051101,1.2036248445510864,0.17144733667373657,177641.1807446644,11.06770396232605
1870,0.0002864001878640486,1.1427919566631317,1.2123078370580112,1.194766879081726,0.1723944991827011,177654.5255051572,11.066872596740723
1880,0.00028620424705508323,1.2074902951717377,1.2120669599636973,1.2093998193740845,0.17113780975341797,175940.22578868872,11.174704313278198
1890,0.0002860069807758906,1.227206140756607,1.2128239190033427,1.2139803171157837,0.17726582288742065,175949.4455636362,11.174118757247925
1900,0.0002858083911837434,1.1282798945903778,1.2085967177826944,1.2179900407791138,0.16813328862190247,177630.62346316266,11.068361759185791
1910,0.00028560848045038533,1.2030531466007233,1.2083195392235957,1.217086911201477,0.17020055651664734,177585.09880152188,11.071199178695679
1920,0.0002854072507620082,1.1613634824752808,1.20597173638618,1.1957086324691772,0.17778334021568298,177571.92124165373,11.072020769119263
1930,0.0002852047043192277,1.1610085666179657,1.203723577897769,1.1953030824661255,0.16697090864181519,177780.71282149025,11.059017419815063
1940,0.00028500084333705935,1.1468960046768188,1.2008821992367216,1.1926418542861938,0.1678484082221985,179239.05824789923,10.969037771224976
1950,0.00028479567004489404,1.1200589835643768,1.1968410384531043,1.1930344104766846,0.17170333862304688,176505.9019999938,11.138890981674194
1960,0.0002845891866864741,1.1735126674175262,1.1956746199013253,1.1965460777282715,0.17228670418262482,176500.1559096582,11.139253616333008
1970,0.0002843813955198684,1.1696179509162903,1.1943717864520733,1.1856448650360107,0.16062048077583313,176512.64591654073,11.138465404510498
1980,0.0002841722988174479,1.1663286089897156,1.1929696275789554,1.1812529563903809,0.17058390378952026,176464.79225865248,11.141485929489136
1990,0.00028396189886586065,1.1324820518493652,1.189945248792476,1.1792140007019043,0.1670721471309662,176484.05676039628,11.140269756317139
2000,0.0002837501979660068,1.1585803031921387,1.188377001512459,1.1818339824676514,0.1699879914522171,176577.1301693887,11.134397745132446
2010,0.0002835371984330134,1.1380297541618347,1.1858596391449279,1.1722314357757568,0.17500968277454376,179723.43181960637,10.939475059509277
2020,0.0002833229025962093,1.1353831887245178,1.1833358166239072,1.1748133897781372,0.16449518501758575,176525.00165514855,11.137685775756836
2030,0.0002831073127990994,1.2152432203292847,1.1849311868091759,1.1745038032531738,0.16786448657512665,176598.9152550039,11.133024215698242
2040,0.0002828904313993392,1.1607259809970856,1.1837209265185713,1.1765490770339966,0.1641162633895874,176532.24586952094,11.137228727340698
2050,0.0002826722607687089,1.1369075179100037,1.1813802560881428,1.1728127002716064,0.1675470769405365,176624.33356962245,11.13142204284668
2060,0.0002824528032930877,1.1571857035160065,1.180170528459536,1.172696828842163,0.16049855947494507,176578.66527276722,11.134300947189331
2070,0.0002822320613724272,1.171519011259079,1.179737952599513,1.1903082132339478,0.16456562280654907,175202.59725040902,11.22175145149231
2080,0.0002820100374207258,1.14667347073555,1.178084728506315,1.1799960136413574,0.17494723200798035,174699.14161784112,11.254090785980225
2090,0.0002817867338660018,1.1406026780605316,1.1762106259840257,1.1604869365692139,0.18110391497612,176646.57681394488,11.130020380020142
2100,0.00028156215315026717,1.1917011439800262,1.1769851518838257,1.1662371158599854,0.1605360060930252,184118.16071915944,10.678359985351562
2110,0.0002813362977295006,1.2073650658130646,1.1785041475802878,1.1748615503311157,0.1613633930683136,184236.70773037992,10.671489000320435
2120,0.00028110917007362075,1.1291254460811615,1.1760352125053313,1.1798635721206665,0.16635794937610626,184276.923064134,10.66916012763977
2130,0.0002808807726664593,1.1493032276630402,1.1746986132632167,1.1669753789901733,0.16330181062221527,184184.58320416074,10.674509048461914
2140,0.00028065110800573373,1.0857171714305878,1.1702495411715852,1.167706847190857,0.16007190942764282,184240.45350342937,10.671272039413452
2150,0.00028042017860302,1.1345692574977875,1.1684655269878954,1.1653461456298828,0.16560693085193634,184283.3225769103,10.668789625167847
2160,0.00028018798698372494,1.147405594587326,1.1674125303678669,1.1671439409255981,0.16986562311649323,184213.75893445432,10.672818422317505
2170,0.000279954535687059,1.137678176164627,1.1659258126577048,1.166983723640442,0.1646302044391632,184306.74594825588,10.667433738708496
2180,0.0002797198272660082,1.158683180809021,1.1655636810652705,1.161380410194397,0.16816267371177673,184356.0504455864,10.664580821990967
2190,0.000279483864287306,1.1413252353668213,1.164351758780348,1.1686433553695679,0.16459451615810394,184238.5764816317,10.671380758285522
2200,0.00027924664933140606,1.1731297671794891,1.164790659200305,1.1577816009521484,0.17419439554214478,184291.46056586606,10.668318510055542
2210,0.00027900818499245286,1.1385009586811066,1.163476174174345,1.1849770545959473,0.16971182823181152,181097.57703985693,10.856467723846436
2220,0.00027876847387825433,1.0869791209697723,1.1596513215141162,1.1439225673675537,0.17008623480796814,176635.47908433137,11.130719661712646
2230,0.0002785275186102528,1.1314367949962616,1.1582405951882235,1.15815269947052,0.1535787582397461,176506.28357479488,11.138866901397705
2240,0.0002782853218234965,1.1516051888465881,1.1579088248711418,1.1537472009658813,0.16401059925556183,176231.0985572187,11.156260251998901
2250,0.00027804188616661055,1.114717721939087,1.155749269724539,1.1622111797332764,0.16380563378334045,175852.5435919371,11.180276155471802
2260,0.0002777972143017685,1.0967945158481598,1.15280153203072,1.1509760618209839,0.16030536592006683,174239.2906236472,11.283792495727539
2270,0.0002775513089046625,1.1632938981056213,1.153326150334465,1.1601351499557495,0.17771589756011963,174688.66098164403,11.25476598739624
2280,0.00027730417266447465,1.12433061003685,1.1518763733195843,1.1567308902740479,0.15941323339939117,176535.01598447858,11.137053966522217
2290,0.00027705580828384725,1.228167563676834,1.1556909328374467,1.1456552743911743,0.17552265524864197,176633.74247069485,11.130829095840454
2300,0.0002768062184788534,1.098324030637741,1.1528225877274614,1.1597906351089478,0.1584923416376114,176536.46721173657,11.136962413787842
2310,0.0002765554059789672,1.1157152205705643,1.1509672193696163,1.1660614013671875,0.15319673717021942,176640.0950861489,11.130428791046143
2320,0.000276303373527034,1.1838549673557281,1.1526116067689218,1.1641207933425903,0.1778111755847931,176453.87971400234,11.14217495918274
2330,0.0002760501238792402,1.0652479231357574,1.1482434225872638,1.13833749294281,0.16407853364944458,176501.5121194711,11.13916802406311
2340,0.0002757956598050835,1.116202250123024,1.1466413639640518,1.1472529172897339,0.16375204920768738,176490.7310160744,11.139848470687866
2350,0.00027553998408734226,1.1201576888561249,1.1453171802086555,1.1532976627349854,0.16149312257766724,179900.66443198427,10.92869782447815
2360,0.00027528309952204504,1.1428960859775543,1.1451961254971004,1.152173638343811,0.16661934554576874,176736.26871112833,11.124372005462646
2370,0.0002750250089184404,1.1223199963569641,1.1440523190400935,1.1430994272232056,0.15784218907356262,176637.86272727646,11.130569458007812
2380,0.0002747657150989658,1.0991865694522858,1.141809031560703,1.1536617279052734,0.16235430538654327,181976.3083049567,10.804043769836426
2390,0.00027450522089921686,1.1135468780994415,1.1403959238876398,1.1463199853897095,0.1563698649406433,184492.0525416175,10.656719207763672
2400,0.0002742435291679165,1.0891296863555908,1.1378326120110371,1.1501450538635254,0.16227877140045166,184501.3689329896,10.65618109703064
2410,0.0002739806427668835,1.0943631827831268,1.1356591405496417,1.1475493907928467,0.1584031581878662,184571.95557293415,10.652105808258057
2420,0.0002737165645710014,1.1614915430545807,1.1369507606748888,1.1404012441635132,0.16640916466712952,184398.10742559552,10.662148475646973
2430,0.00027345129746818715,1.1120741665363312,1.1357069309679608,1.146895170211792,0.1605297476053238,184395.5757139625,10.662294864654541
2440,0.0002731848443593592,1.1069161295890808,1.1342673908990168,1.146782398223877,0.16046008467674255,184436.0378183536,10.659955739974976
2450,0.00027291720815840606,1.1082260608673096,1.1329653243974314,1.144102692604065,0.15469437837600708,183018.1099583148,10.742543458938599
2460,0.0002726483917921544,1.0931782126426697,1.1309759688096934,1.145973563194275,0.15277890861034393,182890.86262894043,10.750017642974854
2470,0.0002723783982003369,1.1265145242214203,1.1307528965802798,1.1452943086624146,0.17443472146987915,184348.44661979334,10.66502070426941
2480,0.0002721072303355602,1.1765240728855133,1.1330414553955415,1.1508017778396606,0.15930752456188202,184451.57823612273,10.6590576171875
2490,0.0002718348911632726,1.0769713819026947,1.1302379517208991,1.136472225189209,0.15229159593582153,184462.14490548626,10.658447027206421
2500,0.0002715613836617318,1.0304611325263977,1.125249110761174,1.1382428407669067,0.1727302372455597,184405.36483442705,10.661728858947754
2510,0.00027128671082197184,1.109223335981369,1.1244478220221839,1.1316063404083252,0.15676215291023254,184542.0881043453,10.65382981300354
2520,0.00027101087564777106,1.0656220018863678,1.1215065310153929,1.1456019878387451,0.1685923933982849,184480.1081332267,10.657409191131592
2530,0.0002707338811556186,1.085001140832901,1.1196812615062683,1.14606511592865,0.15661849081516266,184438.393258822,10.659819602966309
2540,0.0002704557303746818,1.059378206729889,1.1166661087674494,1.134968876838684,0.15993227064609528,184496.9851172328,10.656434297561646
2550,0.0002701764263467732,1.1694613993167877,1.1193058732949162,1.136928677558899,0.16253282129764557,184428.60475625188,10.660385370254517
2560,0.0002698959721263168,1.1332292556762695,1.1200020424139838,1.1329360008239746,0.16535437107086182,184552.73949169996,10.653214931488037
2570,0.0002696143707803151,1.0854062139987946,1.1182722509932244,1.1377205848693848,0.1595228612422943,184580.97843257448,10.651585102081299
2580,0.0002693316253883152,1.0764840841293335,1.1161828426500298,1.1283994913101196,0.15477068722248077,184582.30880060338,10.651508331298828
2590,0.0002690477390423755,1.1021610796451569,1.1154817544997861,1.137671947479248,0.1632331907749176,184389.0034841523,10.662674903869629
2600,0.0002687627148470315,1.1146884858608246,1.1154420910678382,1.1249184608459473,0.15428705513477325,184431.7478536867,10.660203695297241
2610,0.0002684765559192622,1.0850243866443634,1.1139212058466645,1.1454682350158691,0.1543661504983902,184474.47077767373,10.657734870910645
2620,0.0002681892653884558,1.0664560198783875,1.1115479465482505,1.1176387071609497,0.14778409898281097,184495.5981906568,10.656514406204224
2630,0.00026790084639637547,1.1303954124450684,1.1124903198430913,1.1358269453048706,0.15603896975517273,184417.46041062762,10.661029577255249
2640,0.0002676113020971251,1.0998657941818237,1.1118590935600279,1.1460974216461182,0.1577819585800171,182987.20021416128,10.74435806274414
2650,0.00026732063565711487,1.1033650040626526,1.111434389085159,1.1215451955795288,0.16074848175048828,182943.8970288495,10.746901273727417
2660,0.00026702885025502626,1.1035892069339752,1.1110421299775999,1.1252602338790894,0.15644551813602448,184478.06527424307,10.657527208328247
2670,0.0002667359490817777,1.062261939048767,1.1086031204311582,1.1212888956069946,0.1501372903585434,184451.09552379922,10.659085512161255
2680,0.00026644193534048954,1.0683283805847168,1.106589383438836,1.1262588500976562,0.1625993698835373,184530.29412894757,10.654510736465454
2690,0.0002661468122464489,1.0425413399934769,1.103386981266568,1.1229528188705444,0.1607263833284378,184435.67068856867,10.659976959228516
2700,0.0002658505830270748,1.1105387508869171,1.1037445697475854,1.1322232484817505,0.15263554453849792,184515.5579080613,10.655361652374268
2710,0.0002655532509218823,1.0938695073127747,1.1032508166258448,1.123231053352356,0.1648276001214981,184559.99668584444,10.652796030044556
2720,0.00026525481918244776,1.092116355895996,1.1026940935893523,1.1296629905700684,0.15804019570350647,184457.94037308727,10.658689975738525
2730,0.00026495529107237295,1.1098937094211578,1.1030540743809425,1.1154085397720337,0.15707872807979584,184472.69215207273,10.657837629318237
2740,0.0002646546698672492,1.0513825416564941,1.1004704977447202,1.113091230392456,0.15208429098129272,184489.51412223352,10.65686583518982
2750,0.0002643529588546219,1.0884449183940887,1.0998692187771884,1.1368120908737183,0.1571173220872879,184496.15543543585,10.656482219696045
2760,0.0002640501613339543,1.1054341793060303,1.1001474668036304,1.120112657546997,0.15087735652923584,184506.85105976908,10.655864477157593
2770,0.0002637462806165916,1.0904121100902557,1.0996606989679618,1.1192742586135864,0.15831616520881653,184448.73975888352,10.659221649169922
2780,0.0002634413200257245,1.0978618264198303,1.0995707553405552,1.1190592050552368,0.15910488367080688,183880.68732619737,10.692150592803955
2790,0.00026313528289635343,1.0789544582366943,1.0985399404853622,1.121597409248352,0.15468060970306396,177468.7939250392,11.078454732894897
2800,0.0002628281725752513,1.1012328565120697,1.0986745862866976,1.1248557567596436,0.15280590951442719,177441.0511035151,11.08018684387207
2810,0.00026251999242092724,1.0865950882434845,1.0980706113845369,1.1138705015182495,0.15950971841812134,177406.35519305748,11.082353830337524
2820,0.0002622107458035902,1.1307264566421509,1.0997034036474176,1.1168526411056519,0.15464869141578674,177398.0430160401,11.082873106002808
2830,0.0002619004361051116,1.0473761856555939,1.0970870427478263,1.126068115234375,0.15990866720676422,176041.5461622324,11.168272733688354
2840,0.0002615890667189886,1.0675477385520935,1.0956100775380395,1.1169140338897705,0.14881639182567596,175640.0233106484,11.193804025650024
2850,0.0002612766410503068,1.1222139298915863,1.0969402701557167,1.0916194915771484,0.1503037065267563,177436.71766770328,11.08045744895935
2860,0.00026096316251570344,1.0789420902729034,1.096040361161576,1.1105519533157349,0.14865176379680634,177450.67323314902,11.079586029052734
2870,0.00026064863454332944,1.118636578321457,1.0971701720195701,1.098586916923523,0.1525764763355255,177526.20499800006,11.074872016906738
2880,0.0002603330605728123,1.0649501979351044,1.095559173315347,1.1128829717636108,0.1653079241514206,177757.32091741532,11.0604727268219
2890,0.00026001644405521855,1.044710785150528,1.093016753907106,1.0982491970062256,0.15689167380332947,177776.5888999552,11.059273958206177
2900,0.0002596987884530155,1.1074857413768768,1.0937402032805945,1.1002306938171387,0.15699999034404755,177686.43553176578,11.064885139465332
2910,0.00025938009724003403,1.0646165907382965,1.0922840226534796,1.111803412437439,0.15942056477069855,177639.91793741906,11.067782640457153
2920,0.0002590603739014302,1.1326481401920319,1.0943022285304072,1.1145917177200317,0.1547493189573288,177737.9153682264,11.061680316925049
2930,0.0002587396219336472,1.0625088214874268,1.0927125581782582,1.1084020137786865,0.16373148560523987,177562.59564797793,11.072602272033691
2940,0.00025841784484437706,1.076265126466751,1.0918901865926829,1.1123872995376587,0.16053961217403412,176637.23843362034,11.130608797073364
2950,0.0002580950461525227,1.046479269862175,1.0896196407561574,1.1208807229995728,0.1622503250837326,176563.93165032778,11.13523006439209
2960,0.00025777122938815865,1.0200489163398743,1.0861411045353433,1.1031475067138672,0.15979814529418945,176715.47598079292,11.125680923461914
2970,0.00025744639809249326,1.0981854796409607,1.086743323290624,1.1231379508972168,0.15451912581920624,176618.08043958497,11.131816148757935
2980,0.0002571205558178296,1.0716346502304077,1.0859878896376132,1.1046488285064697,0.1526012420654297,176679.45062093774,11.127949476242065
2990,0.0002567937061275266,1.1380088925361633,1.0885889397825406,1.104693055152893,0.15444010496139526,176630.32987845884,11.131044149398804
3000,0.00025646585259595997,1.0931688845157623,1.0888179370192015,1.1097620725631714,0.1494443416595459,176593.80221617658,11.133346557617188
3010,0.0002561369988084835,1.077999085187912,1.088276994427637,1.1101895570755005,0.15213118493556976,176566.81239620486,11.135048389434814
3020,0.00025580714836138946,1.0646641850471497,1.0870963539586125,1.1100109815597534,0.14970317482948303,175214.28628414444,11.22100281715393
3030,0.00025547630486186956,1.0944121778011322,1.0874621451507385,1.1116000413894653,0.1656811237335205,174797.69961389434,11.247745275497437
3040,0.0002551444719279753,1.037075936794281,1.0849428347329155,1.102184772491455,0.15628936886787415,176580.07940639486,11.134211778640747
3050,0.00025481165318857834,1.0805944204330444,1.0847254140179219,1.0968769788742065,0.1493888944387436,176621.1899262186,11.131620168685913
3060,0.00025447785228333134,1.114549070596695,1.0862165968468604,1.0978584289550781,0.15144333243370056,176697.60344593806,11.126806259155273
3070,0.00025414307286262736,1.0732678174972534,1.08556915787938,1.1015076637268066,0.14885447919368744,176663.4474284169,11.128957509994507
3080,0.0002538073185875605,1.0819133520126343,1.0853863675860427,1.1001945734024048,0.15640753507614136,176575.41360756633,11.134505987167358
3090,0.00025347059312988575,1.1611577570438385,1.0891749370589325,1.1075114011764526,0.15036387741565704,176685.98823678537,11.127537727355957
3100,0.00025313290017197883,1.1044997870922089,1.0899411795605962,1.1048635244369507,0.1611759066581726,176564.67262060248,11.135183334350586
3110,0.00025279424340679573,1.0937577188014984,1.0901320065226414,1.1157358884811401,0.15835757553577423,176576.94868109844,11.134409189224243
3120,0.0002524546265378326,1.0673380643129349,1.088992309412156,1.112560749053955,0.1595538854598999,176707.20948404484,11.126201391220093
3130,0.0002521140532790852,1.077629029750824,1.0884241454290895,1.102027177810669,0.1565043181180954,176641.2793943564,11.130354166030884
3140,0.000251772527355008,1.0203747004270554,1.0850216731789877,1.0961660146713257,0.1785990297794342,176528.48953599844,11.137465715408325
3150,0.00025143005250047383,1.0577645152807236,1.0836588152840745,1.0819823741912842,0.1598512828350067,176793.86625235504,11.120747804641724
3160,0.0002510866324607328,1.0380362123250961,1.0813776851361254,1.1139004230499268,0.1565379798412323,177550.3427182199,11.073366403579712
3170,0.0002507422709913715,1.0586997717618942,1.080243789467414,1.105025053024292,0.1482793092727661,177582.79660277284,11.071342706680298
3180,0.00025039697185827176,1.0383985340595245,1.0781515266970194,1.0942999124526978,0.14934056997299194,177386.40803985752,11.083600044250488
3190,0.0002500507388375696,1.0419866144657135,1.076343281085454,1.0909249782562256,0.15280893445014954,177540.59128287662,11.073974609375
3200,0.00024970357571561384,1.0529790222644806,1.0751750681444052,1.0887243747711182,0.15480905771255493,177498.8988742346,11.076575756072998
3210,0.0002493554862889248,1.0762785971164703,1.0752302445930084,1.0916519165039062,0.1553662121295929,175773.99654588167,11.185272216796875
3220,0.0002490064743641526,1.0413749814033508,1.0735374814335255,1.0877704620361328,0.1570672243833542,175833.46169518275,11.18148946762085
3230,0.00024865654375803576,1.0853632390499115,1.0741287693143446,1.096806287765503,0.1559230238199234,177409.46578097224,11.082159519195557
3240,0.00024830569829735943,1.0193095207214355,1.0713878068846991,1.0947448015213013,0.14848457276821136,177503.46459464062,11.076290845870972
3250,0.0002479539418189132,1.1008219718933105,1.0728595151351297,1.0780514478683472,0.15347161889076233,177485.95566510668,11.077383518218994
3260,0.0002476012781694496,1.0905682444572449,1.0737449516012354,1.1073192358016968,0.15103575587272644,177489.25623333955,11.07717752456665
3270,0.00024724771120564193,1.021746277809143,1.0711450179116306,1.088969349861145,0.15495529770851135,177466.75826555397,11.078581809997559
3280,0.00024689324479404174,1.0797237753868103,1.0715739557853896,1.0834107398986816,0.1502874791622162,177348.99490008075,11.085938215255737
3290,0.0002465378828110369,1.0673608481884003,1.07136330040554,1.0811312198638916,0.15537142753601074,176606.89929751406,11.132520914077759
3300,0.00024618162914280924,1.0402039885520935,1.0698053348128678,1.0968595743179321,0.15066727995872498,184210.9977269212,10.672978401184082
3310,0.00024582448768529163,1.085717886686325,1.0706009624065407,1.1000065803527832,0.15343886613845825,184485.35786928528,10.657105922698975
3320,0.000245466462344126,1.0241798162460327,1.0682799050985152,1.1015890836715698,0.15569603443145752,183699.8594533003,10.702675580978394
3330,0.00024510755703462,1.0529070496559143,1.0675112623263852,1.084396481513977,0.1455080807209015,183647.4165526322,10.705731868743896
3340,0.0002447477756817046,1.011837512254715,1.0647275748228016,1.087680459022522,0.16030685603618622,184361.42089670256,10.664270162582397
3350,0.00024438712221989115,1.0560864806175232,1.0642955201125377,1.0992109775543213,0.1507897526025772,182364.4673610696,10.781047582626343
3360,0.00024402560059322796,1.0503538250923157,1.0635984353615264,1.0864380598068237,0.15232259035110474,179758.28378709362,10.93735408782959
3370,0.00024366321475525774,1.0399776846170425,1.0624173978243021,1.0848548412322998,0.1510884016752243,184353.15720867377,10.664748191833496
3380,0.00024329996866897393,1.0879771709442139,1.0636953864802976,1.083603024482727,0.14965499937534332,184493.70771122855,10.656623601913452
3390,0.00024293586630677748,1.0673466324806213,1.0638779487803138,1.0918958187103271,0.14765875041484833,184461.06796577782,10.658509254455566
3400,0.00024257091165043356,1.0861621499061584,1.064992158836606,1.0964456796646118,0.14925788342952728,182962.2680340869,10.745822191238403
3410,0.0002422051086910278,1.0548884570598602,1.0644869737477687,1.0859299898147583,0.1564350128173828,182893.73854357642,10.74984860420227
3420,0.00024183846142892277,1.0205560326576233,1.0622904266932613,1.102588176727295,0.15978626906871796,184496.9851172328,10.656434297561646
3430,0.0002414709738737141,1.034976065158844,1.0609247086165405,1.0971506834030151,0.15013740956783295,184042.33024396194,10.682759761810303
3440,0.0002411026500441869,1.02111354470253,1.05893415042084,1.077316164970398,0.15202116966247559,184431.38486583412,10.660224676132202
3450,0.00024073349396827156,1.0338011682033539,1.0576775013099655,1.0916751623153687,0.1517883688211441,184231.9207718068,10.67176628112793
3460,0.00024036350968299975,1.0572413951158524,1.0576556960002599,1.0754972696304321,0.14732222259044647,184226.5825567973,10.672075510025024
3470,0.00023999270123446033,1.0767380893230438,1.058609815666399,1.0851821899414062,0.1526150405406952,184399.35269037404,10.662076473236084
3480,0.00023962107267775515,1.0268071293830872,1.0570196813522335,1.0726770162582397,0.14570103585720062,184365.43554418904,10.664037942886353
3490,0.00023924862807695447,1.0102114379405975,1.0546792691816516,1.0681427717208862,0.14734995365142822,184393.5635888273,10.662411212921143
3500,0.00023887537150505287,1.028005838394165,1.0533455976422772,1.0761635303497314,0.14736051857471466,184371.04974897072,10.663713216781616
3510,0.00023850130704392434,1.0636104047298431,1.0538588379966554,1.0786213874816895,0.1534627079963684,184000.36968861788,10.685195922851562
3520,0.00023812643878427792,1.0450492203235626,1.0534183571130007,1.073981523513794,0.1537083387374878,184012.05495929252,10.68451738357544
3530,0.00023775077082561284,1.062543272972107,1.0538746029059558,1.0908831357955933,0.1454310417175293,184379.05532247765,10.663250207901001
3540,0.0002373743072761737,1.0289588570594788,1.0526288156136319,1.079904556274414,0.14654573798179626,184534.52260783297,10.654266595840454
3550,0.00023699705225290564,1.0228064060211182,1.0511376951340061,1.08383309841156,0.151012122631073,184483.24060487715,10.657228231430054
3560,0.00023661900988140906,0.9886363297700882,1.04801262686581,1.08048677444458,0.15074345469474792,184447.60521756468,10.659287214279175
3570,0.00023624018429589482,1.0740467309951782,1.0493143320722784,1.0634390115737915,0.14439886808395386,184471.85856208703,10.657885789871216
3580,0.00023586057963913875,1.0440602600574493,1.049051628471537,1.063427209854126,0.1520141065120697,184557.27465484545,10.652953147888184
3590,0.00023548020006243666,1.0449039340019226,1.0488442437480563,1.0819287300109863,0.15315666794776917,183027.8508639256,10.741971731185913
3600,0.00023509904972555864,1.015889659523964,1.0471965145368516,1.0717288255691528,0.14858505129814148,182888.76558036674,10.750140905380249
3610,0.00023471713279670357,1.0748717784881592,1.0485802777344169,1.0735410451889038,0.15393312275409698,177929.1863529191,11.049789190292358
3620,0.000234334453452454,1.0476806461811066,1.0485352961567513,1.0711363554000854,0.14938993752002716,177587.85998904755,11.071027040481567
3630,0.00023395101587772983,1.013236626982689,1.0467703626980482,1.0804104804992676,0.14792925119400024,177529.6905150665,11.074654579162598
3640,0.00023356682426574295,1.0480541586875916,1.0468345524975253,1.0802156925201416,0.15249337255954742,177629.5521165464,11.06842851638794
3650,0.00023318188281795126,1.026029646396637,1.045794307192481,1.061604380607605,0.14899133145809174,177595.61624935592,11.07054352760315
3660,0.00023279619574401275,1.0118505954742432,1.0440971216065689,1.0706369876861572,0.15794126689434052,177628.36982403081,11.068502187728882
3670,0.00023240976726173957,1.0420167446136475,1.0439931027569227,1.0781275033950806,0.15291602909564972,177565.10761187648,11.072445631027222
3680,0.00023202260159705155,1.0127311050891876,1.0424300028735358,1.0671007633209229,0.15085196495056152,181581.16927281654,10.82755446434021
3690,0.00023163470298393044,1.0507611334323883,1.0428465594014784,1.0700408220291138,0.14692600071430206,183979.5238297732,10.68640661239624
3700,0.00023124607566437334,1.04752916097641,1.043080689480225,1.0823981761932373,0.14739841222763062,183703.1987469486,10.702481031417847
3710,0.00023085672388834633,1.0302101373672485,1.042437161874576,1.0855134725570679,0.15021871030330658,180357.8911928671,10.900992393493652
3720,0.00023046665191373805,1.0559967160224915,1.0431151395819718,1.0700454711914062,0.14767591655254364,178066.26066340294,11.041283130645752
3730,0.0002300758640063131,1.069099247455597,1.0444143449756529,1.0877468585968018,0.1511722356081009,181638.20761653676,10.824154376983643
3740,0.00022968436443966553,1.0272990614175797,1.0435585807977492,1.0790609121322632,0.15214519202709198,183220.70493983125,10.7306649684906
3750,0.00022929215749517174,1.0736427307128906,1.0450627882935062,1.0744346380233765,0.15081995725631714,184088.797454169,10.680063247680664
3760,0.00022889924746194408,1.0398419797420502,1.0448017478659333,1.079663634300232,0.1472598761320114,184222.99785357484,10.672283172607422
3770,0.00022850563863678383,0.9859937578439713,1.0418613483648351,1.0725150108337402,0.14353151619434357,184553.6729405785,10.65316104888916
3780,0.00022811133532413386,1.0283829271793365,1.0411874273055601,1.0747272968292236,0.1477108895778656,183078.96089199456,10.738972902297974
3790,0.00022771634183603215,1.0038915127515793,1.039322631577861,1.0734652280807495,0.1495777666568756,183047.17325922896,10.740837812423706
3800,0.00022732066249206415,1.0076649338006973,1.0377397466890028,1.0614806413650513,0.146396204829216,184566.20106870786,10.652437925338745
3810,0.00022692430161931585,1.0032115280628204,1.0360133357576937,1.0639805793762207,0.1526247262954712,184552.1406024806,10.653249502182007
3820,0.0002265272635523261,1.0208072662353516,1.0352530322815765,1.0739681720733643,0.15356571972370148,184516.10701612936,10.655329942703247
3830,0.00022612955263303974,1.0162353813648224,1.0343021497357388,1.0636399984359741,0.15051713585853577,184481.4783185409,10.65733003616333
3840,0.0002257311732107596,0.950077697634697,1.0300909271306866,1.069942593574524,0.1443631649017334,183432.0519325932,10.71830129623413
3850,0.00022533212964209918,0.9935336410999298,1.0282630628291487,1.0720055103302002,0.1445196568965912,184519.3315437376,10.655143737792969
